{"cameraMode":{"drawMode":0,"name":"Shaded","section":"Shading Mode"},"sceneLighting":false,"audioPlay":false,"sceneViewState":{"showFog":true,"showMaterialUpdate":false,"showSkybox":false,"showFlares":true,"showImageEffects":true,"showParticleSystems":true},"in2DMode":false,"pivot":{"x":-0.32720112800598147,"y":0.1628892421722412,"z":0.7115317583084106},"rotation":{"x":0.29176709055900576,"y":0.46010252833366396,"z":-0.1631973832845688,"w":0.8225389122962952},"size":4.977466583251953,"orthographic":false}