{"cameraMode":{"drawMode":0,"name":"Shaded","section":"Shading Mode"},"sceneLighting":false,"audioPlay":false,"sceneViewState":{"showFog":true,"showMaterialUpdate":false,"showSkybox":false,"showFlares":true,"showImageEffects":true,"showParticleSystems":true},"in2DMode":false,"pivot":{"x":0.0,"y":0.18830132484436036,"z":-0.2380126714706421},"rotation":{"x":0.08134499192237854,"y":0.6432136297225952,"z":-0.06899362802505493,"w":0.7582384943962097},"size":5.57746696472168,"orthographic":false}