{"cameraMode":{"drawMode":0,"name":"Shaded","section":"Shading Mode"},"sceneLighting":false,"audioPlay":false,"sceneViewState":{"showFog":true,"showMaterialUpdate":false,"showSkybox":false,"showFlares":true,"showImageEffects":true,"showParticleSystems":true},"in2DMode":false,"pivot":{"x":179.37501525878907,"y":240.42498779296876,"z":0.0},"rotation":{"x":0.10739661753177643,"y":0.18382205069065095,"z":-0.020208945497870446,"w":0.976867139339447},"size":1531.111083984375,"orthographic":false}