{"cameraMode":{"drawMode":0,"name":"Shaded","section":"Shading Mode"},"sceneLighting":true,"audioPlay":false,"sceneViewState":{"showFog":true,"showMaterialUpdate":false,"showSkybox":true,"showFlares":true,"showImageEffects":true,"showParticleSystems":true},"in2DMode":false,"pivot":{"x":48.10541534423828,"y":-4.145793914794922,"z":-1.9474427700042725},"rotation":{"x":0.2964349389076233,"y":0.5501315593719482,"z":-0.21750010550022126,"w":0.749784529209137},"size":5.236213207244873,"orthographic":false}