{"cameraMode":{"drawMode":0,"name":"Shaded","section":"Shading Mode"},"sceneLighting":true,"audioPlay":false,"sceneViewState":{"showFog":true,"showMaterialUpdate":false,"showSkybox":true,"showFlares":true,"showImageEffects":true,"showParticleSystems":true},"in2DMode":false,"pivot":{"x":319.59759521484377,"y":9.472404479980469,"z":5.503173828125},"rotation":{"x":0.10739661753177643,"y":0.18382205069065095,"z":-0.020208945497870446,"w":0.976867139339447},"size":220.36378479003907,"orthographic":false}